City_ID,City,Country,Lat,Lng,Max Temp,Humidity,Cloudiness,Wind Speed,Current Description
0,Cape Town,ZA,-33.9258,18.4232,74.88,60,0,1.01,clear sky
1,Tuy Hoa,VN,13.0833,109.3,71.78,88,100,12.41,overcast clouds
2,Pemangkat,ID,1.1667,108.9667,78.17,87,100,7.76,overcast clouds
3,Skibbereen,IE,51.55,-9.2667,52.11,84,100,31.14,overcast clouds
4,Grahamstown,ZA,-33.3042,26.5328,62.47,89,100,20.87,overcast clouds
5,Flinders,AU,-34.5833,150.8552,68.38,81,99,5.99,moderate rain
6,Qaanaaq,GL,77.484,-69.3632,2.34,83,100,4.25,overcast clouds
7,Severo-Kurilsk,RU,50.6789,156.125,28.36,94,100,5.46,light snow
8,Busselton,AU,-33.65,115.3333,65.05,83,0,7.56,clear sky
9,Castro,BR,-24.7911,-50.0119,75.16,81,36,8.75,scattered clouds
10,Mahebourg,MU,-20.4081,57.7,80.26,84,100,19.22,light rain
11,Punta Arenas,CL,-53.15,-70.9167,59.11,77,100,21.85,light intensity shower rain
12,Cidreira,BR,-30.1811,-50.2056,73.99,94,100,8.93,overcast clouds
13,Rikitea,PF,-23.1203,-134.9692,78.8,72,100,11.7,overcast clouds
14,Padang,ID,-0.9492,100.3543,74.16,97,100,1.7,overcast clouds
15,Saint George,US,37.1041,-113.5841,56.35,26,0,3.0,clear sky
16,Esperance,AU,-33.8667,121.9,66.04,70,5,17.47,clear sky
17,Hobart,AU,-42.8794,147.3294,57.06,81,40,4.61,scattered clouds
18,Albany,US,42.6001,-73.9662,21.31,60,5,4.0,clear sky
19,Kalemie,CD,-5.9475,29.1947,70.07,86,77,1.01,light rain
20,Vaini,TO,-21.2,-175.2,77.16,94,100,8.05,light rain
21,Jamestown,US,42.097,-79.2353,21.52,46,40,5.01,scattered clouds
22,Clyde River,CA,70.4692,-68.5914,-26.63,84,100,4.5,overcast clouds
23,Mataura,NZ,-46.1927,168.8643,50.49,92,100,1.07,overcast clouds
24,State College,US,40.7934,-77.86,22.75,70,75,1.01,broken clouds
25,Tasiilaq,GL,65.6145,-37.6368,23.16,58,100,9.73,overcast clouds
26,Menongue,AO,-14.6585,17.691,60.13,97,100,4.23,overcast clouds
27,Hamilton,US,39.1834,-84.5333,27.05,71,0,1.01,snow
28,Faya,SA,18.3851,42.4509,54.12,77,3,3.51,clear sky
29,Baley,RU,51.6,116.6333,-15.57,100,84,2.68,broken clouds
30,Bredasdorp,ZA,-34.5322,20.0403,69.28,82,100,19.1,overcast clouds
31,Cherskiy,RU,68.75,161.3,-32.93,96,12,1.41,few clouds
32,Yellowknife,CA,62.456,-114.3525,-9.58,95,89,8.79,overcast clouds
33,Suluq,LY,31.6682,20.2521,55.0,71,10,6.87,clear sky
34,Ahipara,NZ,-35.1667,173.1667,71.49,98,96,5.91,overcast clouds
35,Barrow,US,71.2906,-156.7887,-14.78,70,75,12.66,haze
36,Nguruka,TZ,-5.1092,31.0419,65.34,93,100,0.6,overcast clouds
37,Iqaluit,CA,63.7506,-68.5145,-30.03,97,98,2.57,overcast clouds
38,Yaan,NG,7.3833,8.5667,84.24,13,0,6.2,clear sky
39,Nicoya,CR,10.1483,-85.452,89.15,27,6,16.37,clear sky
40,Carnarvon,AU,-24.8667,113.6333,78.87,89,75,10.36,broken clouds
41,Merauke,ID,-8.4667,140.3333,80.29,86,100,9.15,overcast clouds
42,Ushuaia,AR,-54.8,-68.3,64.02,55,75,24.16,light rain
43,New Norfolk,AU,-42.7826,147.0587,56.71,66,100,1.25,overcast clouds
44,Winslow,US,35.0242,-110.6974,43.3,27,0,0.0,clear sky
45,Iroquois Falls,CA,48.7669,-80.6831,6.12,72,100,5.7,overcast clouds
46,Talnakh,RU,69.4865,88.3972,-17.63,100,100,3.18,overcast clouds
47,East London,ZA,-33.0153,27.9116,69.75,85,100,18.39,light rain
48,Alyangula,AU,-13.8483,136.4192,78.62,85,98,8.34,overcast clouds
49,Salalah,OM,17.0151,54.0924,75.29,73,75,4.61,broken clouds
50,Kyrksaeterora,NO,63.2906,9.0891,36.25,86,82,7.27,light snow
51,Port Blair,IN,11.6667,92.75,79.48,80,96,7.11,overcast clouds
52,Hithadhoo,MV,-0.6,73.0833,82.24,73,100,12.95,overcast clouds
53,Dikson,RU,73.5069,80.5464,-18.2,100,99,3.47,overcast clouds
54,Raahe,FI,64.6833,24.4833,25.2,91,100,11.45,overcast clouds
55,Katsuura,JP,35.1333,140.3,32.11,50,8,7.14,clear sky
56,Ust-Maya,RU,60.4167,134.5333,-28.14,100,100,1.07,overcast clouds
57,Atuona,PF,-9.8,-139.0333,78.82,75,7,23.55,clear sky
58,Hasaki,JP,35.7333,140.8333,21.6,35,7,9.44,clear sky
59,Alepe,CI,5.5004,-3.6631,84.07,72,42,7.09,scattered clouds
60,Port-Gentil,GA,-0.7193,8.7815,79.79,80,15,8.97,few clouds
61,Pacific Grove,US,36.6177,-121.9166,64.58,50,0,1.01,clear sky
62,Sittingbourne,GB,51.3413,0.7328,50.49,79,100,23.94,overcast clouds
63,Pevek,RU,69.7008,170.3133,-28.68,99,37,3.47,scattered clouds
64,Alexandria,EG,31.2156,29.9553,57.0,68,0,10.04,clear sky
65,Khomeyn,IR,33.6423,50.0789,28.31,72,1,7.45,clear sky
66,Hatsukaichi,JP,34.35,132.3333,38.52,15,41,1.99,scattered clouds
67,Ambon,ID,-3.6954,128.1814,77.14,88,20,8.05,few clouds
68,Byron Bay,AU,-28.65,153.6167,67.05,73,80,20.13,broken clouds
69,Yulara,AU,-25.2406,130.9889,64.24,59,0,5.75,clear sky
70,Faanui,PF,-16.4833,-151.75,81.09,72,12,18.68,few clouds
71,Gazanjyk,TM,39.2446,55.5154,43.29,78,100,11.45,overcast clouds
72,Buta,CD,2.7858,24.73,77.72,36,100,2.93,overcast clouds
73,Saldanha,ZA,-33.0117,17.9442,68.32,73,0,7.45,clear sky
74,Saskylakh,RU,71.9167,114.0833,-25.74,100,98,3.2,overcast clouds
75,Peniche,PT,39.3558,-9.3811,56.68,78,0,16.64,clear sky
76,Te Anau,NZ,-45.4167,167.7167,42.82,88,18,2.39,few clouds
77,Mweka,CD,-4.85,21.5667,74.05,73,57,1.43,broken clouds
78,Tsaratanana,MG,-16.7833,47.65,73.54,93,100,8.12,light rain
79,Suez,EG,29.9737,32.5263,55.62,62,5,7.92,clear sky
80,Taksimo,RU,56.3444,114.8794,-14.17,88,35,1.9,scattered clouds
81,Bluff,NZ,-46.6,168.3333,50.81,74,94,13.69,overcast clouds
82,Hermanus,ZA,-34.4187,19.2345,69.8,77,65,16.84,broken clouds
83,Bengkulu,ID,-3.8004,102.2655,74.25,96,100,9.01,light rain
84,Avarua,CK,-21.2078,-159.775,78.85,83,40,11.5,scattered clouds
85,Arraial Do Cabo,BR,-22.9661,-42.0278,84.06,70,0,12.66,clear sky
86,Georgetown,MY,5.4112,100.3354,80.89,79,20,0.0,few clouds
87,Guadalupe Victoria,MX,32.2869,-115.105,65.95,14,7,11.36,clear sky
88,Safford,US,32.834,-109.7076,49.51,24,0,10.69,clear sky
89,Margate,GB,51.3813,1.3862,49.96,74,100,11.01,overcast clouds
90,Los Llanos De Aridane,ES,28.6585,-17.9182,64.15,83,0,13.8,clear sky
91,Hilo,US,19.7297,-155.09,76.12,76,0,0.0,clear sky
92,San Patricio,US,28.017,-97.5169,52.21,29,0,4.7,clear sky
93,Pozo Colorado,PY,-23.4923,-58.7972,72.43,95,100,5.91,light rain
94,Victoria,HK,22.2855,114.1577,61.25,82,100,5.99,overcast clouds
95,Salem,IN,11.65,78.1667,72.18,91,76,4.18,broken clouds
96,Freeport,US,40.6576,-73.5832,30.31,59,100,10.0,overcast clouds
97,Koslan,RU,63.4564,48.8989,-2.58,100,90,4.65,overcast clouds
98,Lasa,IT,46.6166,10.7002,37.69,60,3,4.56,clear sky
99,Shimoda,JP,34.6667,138.95,33.1,71,14,26.49,few clouds
100,Wembley,AU,-31.9333,115.8,74.16,89,1,4.61,clear sky
101,Itaituba,BR,-4.2761,-55.9836,84.78,73,100,2.48,overcast clouds
102,Provideniya,RU,64.3833,-173.3,-6.12,86,2,10.87,clear sky
103,Chernyshevskiy,RU,63.0128,112.4714,-6.56,100,100,2.73,overcast clouds
104,Kroya,ID,-7.6331,109.2461,77.5,88,100,5.06,overcast clouds
105,Garchitorena,PH,13.8804,123.6946,76.23,82,89,15.68,overcast clouds
106,Chuy,UY,-33.6971,-53.4616,71.94,77,90,7.92,overcast clouds
107,Abalak,RU,58.1286,68.5944,18.3,89,100,5.14,overcast clouds
108,Chokurdakh,RU,70.6333,147.9167,-30.15,100,100,1.52,overcast clouds
109,Veshenskaya,RU,49.6303,41.7334,10.27,97,52,6.15,broken clouds
110,Port Elizabeth,ZA,-33.918,25.5701,69.1,82,75,19.71,broken clouds
111,Kasongo,CD,-4.45,26.6667,67.06,94,88,0.83,overcast clouds
112,Marica,BR,-22.9194,-42.8186,87.75,83,97,6.64,overcast clouds
113,Nome,US,64.5011,-165.4064,-0.33,60,0,3.44,clear sky
114,Nyazepetrovsk,RU,56.0531,59.6028,12.43,96,100,3.67,overcast clouds
115,Tyukhtet,RU,56.5389,89.3011,17.31,82,100,9.1,overcast clouds
116,Ayan,RU,56.45,138.1667,-6.93,74,57,13.87,broken clouds
117,Manadhoo,MV,5.7667,73.3833,80.8,70,0,8.81,clear sky
118,Lorengau,PG,-2.0226,147.2712,80.64,77,64,7.56,broken clouds
119,Leningradskiy,RU,69.3833,178.4167,-22.18,96,7,4.36,clear sky
120,Carnoustie,GB,56.5014,-2.7091,41.0,75,0,16.11,clear sky
121,Sinnamary,GF,5.3833,-52.95,79.9,78,53,9.84,broken clouds
122,Sao Jose Da Coroa Grande,BR,-8.8978,-35.1478,82.94,60,85,10.11,overcast clouds
123,Upernavik,GL,72.7868,-56.1549,-0.85,98,100,4.74,overcast clouds
124,Xanlar,AZ,40.5869,46.3158,29.71,44,40,13.8,scattered clouds
125,Kodiak,US,57.79,-152.4072,33.31,86,100,0.0,overcast clouds
126,Komsomolskiy,UZ,40.4272,71.7189,36.32,51,100,6.91,overcast clouds
127,Piacabucu,BR,-10.4056,-36.4344,83.16,63,100,12.64,overcast clouds
128,Aquiraz,BR,-3.9014,-38.3911,84.29,69,17,10.07,few clouds
129,Naisud,PH,11.8058,122.1939,76.73,82,92,15.23,overcast clouds
130,Chara,RU,56.9064,118.2631,-17.41,82,21,1.32,few clouds
131,Progreso,MX,21.2833,-89.6667,73.51,73,85,17.98,overcast clouds
132,Lavrentiya,RU,65.5833,-171.0,-17.64,93,18,9.48,few clouds
133,Tongliao,CN,43.6125,122.2653,0.93,85,18,7.72,few clouds
134,Nkawkaw,GH,6.5512,-0.7662,83.88,46,45,3.47,scattered clouds
135,Lakes Entrance,AU,-37.8811,147.981,52.16,89,0,5.55,clear sky
136,Fortuna,US,40.5982,-124.1573,56.93,73,0,1.99,clear sky
137,Manali,IN,13.1667,80.2667,81.07,81,99,9.35,overcast clouds
138,Juegang,CN,32.3174,121.1855,31.91,56,9,7.56,clear sky
139,Palencia,ES,42.4167,-4.5,39.81,74,0,13.62,clear sky
140,Torbay,CA,47.6666,-52.7314,50.49,94,100,10.0,moderate rain
141,Norman Wells,CA,65.282,-126.8329,-7.58,91,99,6.85,overcast clouds
142,Lake Cowichan,CA,48.825,-124.0546,44.96,89,100,1.52,overcast clouds
143,Blackwater,AU,-23.5833,148.8833,67.98,68,10,12.08,clear sky
144,Tuatapere,NZ,-46.1333,167.6833,50.83,84,100,2.46,overcast clouds
145,Nikolskoye,RU,59.7035,30.7861,27.88,94,100,9.95,snow
146,Souillac,MU,-20.5167,57.5167,80.37,85,100,16.67,light rain
147,North Bend,US,43.4065,-124.2243,50.16,95,57,7.36,broken clouds
148,Saint-Philippe,RE,-21.3585,55.7679,81.99,86,100,21.74,light rain
149,Narsaq,GL,60.9167,-46.05,3.42,75,0,5.77,clear sky
150,Pisco,PE,-13.7,-76.2167,68.05,88,75,9.22,mist
151,Paamiut,GL,61.994,-49.6678,-0.87,85,73,7.61,broken clouds
152,Kirakira,SB,-10.4544,161.9205,81.1,84,100,4.81,overcast clouds
153,Horni Plana,CZ,48.7674,14.0326,33.58,79,100,10.63,overcast clouds
154,Lodja,CD,-3.4833,23.4333,72.23,81,19,1.52,few clouds
155,Ercis,TR,39.0287,43.3586,20.8,70,2,6.87,clear sky
156,Maraa,BR,-1.8333,-65.3667,77.22,85,100,1.36,overcast clouds
157,Nichinan,JP,31.6,131.3667,37.76,69,6,9.89,clear sky
158,Kapaa,US,22.0752,-159.319,73.72,80,40,3.44,scattered clouds
159,Bathsheba,BB,13.2167,-59.5167,83.01,57,20,14.97,few clouds
160,Kokopo,PG,-4.352,152.2633,75.97,80,96,4.12,overcast clouds
161,Yerbogachen,RU,61.2767,108.0108,8.4,97,100,4.38,overcast clouds
162,Puerto Ayora,EC,-0.7393,-90.3518,82.36,84,86,5.01,overcast clouds
163,Mutoko,ZW,-17.397,32.2268,64.33,92,100,3.44,light rain
164,Adrar,MR,20.5022,-10.0711,72.72,7,0,8.63,clear sky
165,Lompoc,US,34.6391,-120.4579,70.11,40,0,0.0,clear sky
166,Hami,CN,42.8,93.45,26.55,28,100,11.48,overcast clouds
167,Ayagoz,KZ,47.9714,80.4392,-2.2,86,1,8.12,clear sky
168,Port-Cartier,CA,50.0334,-66.8654,9.75,66,34,7.63,scattered clouds
169,Butaritari,KI,3.0707,172.7902,82.36,70,13,19.37,few clouds
170,Kavieng,PG,-2.5744,150.7967,81.19,78,30,5.19,scattered clouds
171,San Cristobal,VE,7.7669,-72.225,75.38,69,98,1.72,overcast clouds
172,Soderhamn,SE,61.3037,17.0592,26.98,78,7,7.05,clear sky
173,Yenagoa,NG,4.9247,6.2642,82.45,65,0,8.48,clear sky
174,Karatau,KZ,43.1667,70.4667,32.65,53,100,1.05,overcast clouds
175,Cabo San Lucas,MX,22.8909,-109.9124,75.61,59,0,1.99,clear sky
176,Srednekolymsk,RU,67.45,153.6833,-39.71,99,39,3.8,scattered clouds
177,Pontianak,ID,-0.0333,109.3333,76.98,100,100,2.3,overcast clouds
178,Vostok,RU,46.4856,135.8833,-11.04,99,100,3.24,overcast clouds
179,Sibolga,ID,1.7427,98.7792,75.54,90,100,3.24,overcast clouds
180,Lincoln,US,40.8,-96.667,53.35,34,0,7.0,clear sky
181,Guerrero Negro,MX,27.9769,-114.0611,66.36,24,0,1.45,clear sky
182,Dukat,RU,62.55,155.55,-21.39,69,0,1.88,clear sky
183,Alta Floresta,BR,-9.8756,-56.0861,85.82,70,40,5.75,scattered clouds
184,Bandarbeyla,SO,9.4942,50.8122,75.36,69,100,11.16,overcast clouds
185,Patzun,GT,14.6833,-91.0167,66.9,54,62,5.99,broken clouds
186,Benguela,AO,-12.5763,13.4055,76.84,70,100,5.28,overcast clouds
187,Bayan,CN,46.0833,127.4,-13.5,100,90,3.74,overcast clouds
188,Bethel,US,41.3712,-73.414,27.05,67,40,5.99,scattered clouds
189,Deputatskiy,RU,69.3,139.9,-29.85,97,91,3.11,overcast clouds
190,Fairbanks,US,64.8378,-147.7164,3.6,79,100,0.0,overcast clouds
191,Aruppukkottai,IN,9.5167,78.1,77.13,76,100,5.75,overcast clouds
192,Aravete,EE,59.1403,25.7485,32.0,88,100,7.99,overcast clouds
193,Bambanglipuro,ID,-7.95,110.2833,62.6,85,100,4.94,overcast clouds
194,Ranfurly,NZ,-45.1333,170.1,41.65,97,25,1.41,scattered clouds
195,Gerpinnes,BE,50.3379,4.5273,44.96,75,75,17.27,broken clouds
196,Nouadhibou,MR,20.931,-17.0347,67.98,88,0,18.41,clear sky
197,Dongsheng,CN,39.8161,109.9776,12.76,44,17,5.55,few clouds
198,Drummondville,CA,45.8834,-72.4824,14.38,71,51,5.99,broken clouds
199,Thompson,CA,55.7435,-97.8558,-12.84,70,75,2.3,broken clouds
200,Manoel Urbano,BR,-8.8389,-69.2597,81.95,80,81,3.02,light rain
201,Sao Gabriel Da Cachoeira,BR,-0.1303,-67.0892,84.0,74,40,3.44,scattered clouds
202,Korla,CN,41.7597,86.1469,24.69,41,96,8.79,overcast clouds
203,Vanimo,PG,-2.6741,141.3028,77.67,87,98,5.97,overcast clouds
204,Oranjemund,NA,-28.55,16.4333,68.27,73,93,6.69,overcast clouds
205,San Rafael,AR,-34.6177,-68.3301,59.94,66,100,5.06,light rain
206,Saint-Pierre,RE,-21.3393,55.4781,82.08,69,100,6.91,overcast clouds
207,Mar Del Plata,AR,-38.0023,-57.5575,64.09,100,100,1.99,moderate rain
208,Kiama,AU,-34.6833,150.8667,68.58,78,100,5.99,overcast clouds
209,Rio Gallegos,AR,-51.6226,-69.2181,77.05,29,75,27.63,broken clouds
210,Tiksi,RU,71.6872,128.8694,-22.4,98,85,7.81,overcast clouds
211,Angoche,MZ,-16.2325,39.9086,79.27,80,37,11.41,scattered clouds
212,Kangaatsiaq,GL,68.3065,-53.4641,-8.19,90,57,8.21,broken clouds
213,Tawang,IN,27.5833,91.8667,14.49,82,4,8.68,clear sky
214,Burhanpur,IN,21.3,76.2333,65.23,24,0,5.64,clear sky
215,Antofagasta,CL,-23.65,-70.4,73.22,61,2,9.57,clear sky
216,Muros,ES,42.7762,-9.0603,52.09,72,0,14.65,clear sky
217,Constitucion,CL,-35.3333,-72.4167,71.51,55,7,17.07,clear sky
218,Isiro,CD,2.7739,27.616,71.78,32,100,3.4,overcast clouds
219,Christchurch,NZ,-43.5333,172.6333,54.03,92,100,1.01,moderate rain
220,Gamba,GA,-2.65,10.0,77.09,84,9,7.11,clear sky
221,Bulaevo,KZ,54.9056,70.4439,12.34,80,100,7.7,overcast clouds
222,Makinsk,KZ,52.6292,70.4169,3.11,79,100,5.17,overcast clouds
223,Griffith,US,41.5284,-87.4237,21.97,65,40,4.0,scattered clouds
224,Isla Vista,US,34.4133,-119.861,72.28,29,0,3.44,clear sky
225,Kamenka,RU,51.3223,42.7678,7.14,97,82,8.59,broken clouds
226,Marzuq,YE,14.4,46.4667,67.75,40,20,4.56,few clouds
227,Santiago Del Estero,AR,-27.7951,-64.2615,90.91,30,64,10.33,broken clouds
228,Nerang,AU,-27.9833,153.3333,68.49,86,100,5.99,overcast clouds
229,Ribeira Grande,PT,38.5167,-28.7,61.2,77,75,13.8,broken clouds
230,Ishigaki,JP,24.3448,124.1572,64.09,71,100,22.06,overcast clouds
231,Khatanga,RU,71.9667,102.5,-31.72,99,99,2.08,overcast clouds
232,Isangel,VU,-19.55,169.2667,80.71,94,100,14.97,overcast clouds
233,Nuuk,GL,64.1835,-51.7216,9.21,72,75,10.36,broken clouds
234,Kaitangata,NZ,-46.2817,169.8464,47.7,82,79,5.37,broken clouds
235,Huarmey,PE,-10.0681,-78.1522,76.98,70,12,12.26,few clouds
236,Mao,ES,39.8885,4.2658,50.56,87,20,5.75,few clouds
237,Airai,TL,-8.9266,125.4092,60.91,92,100,2.01,overcast clouds
238,Imbituba,BR,-28.24,-48.6703,87.69,84,100,4.9,moderate rain
239,Longyan,CN,25.1072,117.0225,49.14,93,100,1.28,overcast clouds
240,Luderitz,NA,-26.6481,15.1594,68.77,76,96,4.99,overcast clouds
241,Durant,US,33.994,-96.3708,44.94,33,0,9.22,clear sky
242,Quanzhou,CN,24.9139,118.5858,53.17,71,85,11.05,overcast clouds
243,Westport,US,41.1415,-73.3579,29.44,63,75,4.0,broken clouds
244,Beringovskiy,RU,63.05,179.3167,-9.99,92,18,14.5,few clouds
245,Shanghai,CN,31.2222,121.4581,38.93,41,0,1.01,clear sky
246,Chicama,PE,-7.8447,-79.1469,66.74,56,16,11.48,few clouds
247,Vila Velha,BR,-20.3297,-40.2925,82.35,83,40,11.99,scattered clouds
248,Ponta Do Sol,PT,32.6667,-17.1,68.13,48,0,10.65,clear sky
249,Sao Joao Da Barra,BR,-21.6403,-41.0511,84.29,81,38,25.84,scattered clouds
250,Pampierstad,ZA,-27.7832,24.6877,73.02,58,2,9.75,clear sky
251,Rawson,AR,-43.3002,-65.1023,63.0,44,0,11.16,clear sky
252,Chester,US,40.1254,-75.8749,28.94,60,20,3.0,few clouds
253,Tuktoyaktuk,CA,69.4541,-133.0374,-32.8,68,20,10.36,few clouds
254,Comines,FR,50.7615,3.0106,48.02,76,100,15.01,overcast clouds
255,Ilulissat,GL,69.2167,-51.1,5.02,51,75,13.8,broken clouds
256,Klaksvik,FO,62.2266,-6.589,34.72,76,61,30.06,light snow
257,Port Lincoln,AU,-34.7333,135.8667,66.94,80,100,15.12,overcast clouds
258,Portland,US,45.5234,-122.6762,50.41,83,75,1.01,broken clouds
259,Looc,PH,12.2605,121.9926,77.16,76,100,14.7,overcast clouds
260,Hurghada,EG,27.2574,33.8129,56.89,55,0,15.43,clear sky
261,Orlik,RU,52.5178,99.825,-1.57,91,97,3.62,overcast clouds
262,Xacmaz,AZ,41.4635,48.806,36.27,81,100,6.11,overcast clouds
263,Vila Franca Do Campo,PT,37.7167,-25.4333,63.19,77,74,12.26,broken clouds
264,Taoudenni,ML,22.6783,-3.9836,73.38,9,94,8.77,overcast clouds
265,Santa Cruz,BO,-17.8,-63.1667,71.65,94,100,13.8,overcast clouds
266,Williston,US,48.147,-103.618,45.01,85,100,9.28,overcast clouds
267,Axim,GH,4.8699,-2.2405,80.62,81,3,10.76,clear sky
268,Sumisip,PH,6.4197,121.9714,78.21,83,100,4.47,overcast clouds
269,Shangqiu,CN,34.45,115.65,29.97,34,100,4.41,overcast clouds
270,Egvekinot,RU,66.3167,-179.1667,-10.17,86,10,13.51,clear sky
271,Kiunga,PG,-6.1219,141.2906,72.28,100,100,2.66,overcast clouds
272,Kavaratti,IN,10.5669,72.642,78.69,61,30,9.55,scattered clouds
273,Kariba,ZW,-16.5167,28.8,71.85,79,19,1.99,light rain
274,Oktyabrskiy,RU,54.4815,53.471,20.37,97,100,2.04,light snow
275,Atasu,KZ,48.6814,71.6433,17.89,61,1,19.53,clear sky
276,Sarangani,PH,5.4033,125.4636,81.36,79,64,27.94,broken clouds
277,Tumen,CN,42.9661,129.8425,5.88,71,11,10.36,few clouds
278,Auki,SB,-8.7676,160.7034,79.2,86,57,5.64,broken clouds
279,Coquimbo,CL,-29.9533,-71.3436,69.53,68,20,16.11,few clouds
280,Alcudia,ES,39.8532,3.1214,56.19,80,100,1.25,overcast clouds
281,Shagonar,RU,51.5333,92.8,-20.36,98,92,2.64,overcast clouds
282,Mount Gambier,AU,-37.8333,140.7667,57.31,79,69,6.64,broken clouds
283,Nanakuli,US,21.3906,-158.1547,77.04,76,40,3.44,scattered clouds
284,Karpogory,RU,64.0019,44.4451,3.54,95,52,7.47,broken clouds
285,Cayenne,GF,4.9333,-52.3333,84.24,80,75,5.99,broken clouds
286,Tombouctou,ML,20.0,-3.0,69.26,9,100,7.85,overcast clouds
287,Bubaque,GW,11.2833,-15.8333,78.64,62,0,13.78,clear sky
288,Baruun-Urt,MN,46.6806,113.2792,-1.43,90,12,6.53,few clouds
289,Lebu,CL,-37.6167,-73.65,64.22,68,0,20.09,clear sky
290,Wattegama,LK,6.7989,81.4808,69.15,92,63,5.21,broken clouds
291,Peleduy,RU,59.6289,112.7406,6.69,97,100,4.63,overcast clouds
292,Alugan,PH,12.2188,125.4808,79.81,72,100,16.37,overcast clouds
293,Mezen,RU,65.8522,44.24,9.75,89,100,12.82,overcast clouds
294,Saint Cloud,US,45.5608,-94.1625,16.99,65,100,8.01,overcast clouds
295,Gairo,IT,39.8497,9.5047,45.61,73,100,5.23,overcast clouds
296,Darhan,MN,49.4867,105.9228,-2.83,92,100,6.15,overcast clouds
297,Port Alfred,ZA,-33.5906,26.891,70.34,84,99,25.26,light rain
298,Vila,PT,42.0304,-8.1588,44.33,73,0,4.81,clear sky
299,Lerwick,GB,60.1545,-1.1494,37.4,62,92,37.29,overcast clouds
300,Pau Dos Ferros,BR,-6.1125,-38.2063,93.88,32,87,6.91,overcast clouds
301,Aswan,EG,24.0934,32.907,55.17,44,0,10.98,clear sky
302,Coihaique,CL,-45.5752,-72.0662,70.41,46,75,8.05,broken clouds
303,Riyadh,SA,24.6877,46.7219,55.54,30,0,10.78,clear sky
304,Kalia,BD,23.0396,89.6328,58.96,59,0,4.88,clear sky
305,Tulnici,RO,45.9167,26.6667,37.65,91,53,7.78,broken clouds
306,Solnechnyy,RU,50.7214,136.6319,2.21,98,100,1.25,overcast clouds
307,Araouane,ML,18.9048,-3.5265,70.84,10,100,7.94,overcast clouds
308,Udachnyy,RU,66.4167,112.4,-31.74,100,87,3.22,overcast clouds
309,Yar-Sale,RU,66.8333,70.8333,-11.6,100,78,3.42,broken clouds
310,Kismayo,SO,-0.3582,42.5454,78.4,80,95,11.97,overcast clouds
311,Delta,NG,5.5,6.0,82.49,58,0,7.96,clear sky
312,Myanaung,MM,18.2833,95.3167,70.05,84,1,4.5,clear sky
313,Touros,BR,-5.1989,-35.4608,88.7,58,3,12.84,clear sky
314,Hachinohe,JP,40.5,141.5,23.83,76,87,9.62,overcast clouds
315,Angoram,PG,-4.0625,144.0661,74.5,98,100,2.8,overcast clouds
316,Santiago,CL,-33.4569,-70.6483,92.28,24,0,8.05,clear sky
317,Yumen,CN,40.2833,97.2,15.15,38,100,12.95,overcast clouds
318,Bolobo,CD,-2.1667,16.2333,77.79,72,100,3.09,overcast clouds
319,Ruyigi,BI,-3.45,30.3167,57.94,91,100,3.22,overcast clouds
320,Abha,SA,18.2164,42.5053,55.22,88,0,5.75,clear sky
321,Shingu,JP,33.7333,135.9833,38.91,75,69,8.46,broken clouds
322,Bambous Virieux,MU,-20.3428,57.7575,80.22,89,75,21.85,light rain
323,Rujewa,TZ,-8.7,34.3833,64.2,93,100,2.19,overcast clouds
324,Cukai,MY,4.25,103.4167,80.55,92,100,9.08,overcast clouds
325,Hofn,IS,64.2539,-15.2082,28.76,55,100,9.98,overcast clouds
326,Kijang,KR,35.2442,129.2139,26.33,53,5,18.57,clear sky
327,Cascais,PT,38.6979,-9.4215,56.46,73,20,1.01,few clouds
328,Guantanamo,CU,20.1444,-75.2092,82.47,43,55,7.87,broken clouds
329,Darnah,LY,32.767,22.6367,57.83,66,0,14.07,clear sky
330,Sorland,NO,67.667,12.6934,39.27,76,100,32.26,overcast clouds
331,Brufut,GM,13.3814,-16.7518,84.29,42,0,8.05,clear sky
332,Manjacaze,MZ,-24.7117,33.8828,73.74,86,0,9.64,light rain
333,Kuala Terengganu,MY,5.3302,103.1408,80.55,83,40,6.91,scattered clouds
334,Nanortalik,GL,60.1432,-45.2371,11.75,62,49,20.42,scattered clouds
335,Port Hedland,AU,-20.3167,118.5667,84.25,84,75,4.61,broken clouds
336,Teguldet,RU,57.3064,88.1667,16.39,89,100,7.67,overcast clouds
337,Roosendaal,NL,51.5308,4.4653,46.99,85,100,20.71,overcast clouds
338,Valledupar,CO,10.4631,-73.2532,96.62,22,7,10.78,clear sky
339,Marrakesh,MA,31.6315,-8.0083,69.87,35,40,5.75,scattered clouds
340,Maragogi,BR,-9.0122,-35.2225,82.85,60,100,10.56,overcast clouds
341,Bereda,ES,43.2686,-7.5406,46.92,91,4,4.83,clear sky
342,Zaysan,KZ,47.4667,84.8667,7.05,66,0,6.82,clear sky
343,Mangrol,IN,21.1167,70.1167,66.54,69,0,5.53,clear sky
344,Eislingen,DE,48.6951,9.7068,41.05,75,25,8.77,scattered clouds
345,Nueva Helvecia,UY,-34.3,-57.2333,67.55,59,77,14.23,broken clouds
346,La Roda,ES,39.2167,-2.15,50.4,69,100,6.24,overcast clouds
347,Manggar,ID,-2.8833,108.2667,78.24,86,100,6.89,light rain
348,Bonthe,SL,7.5264,-12.505,80.24,74,91,10.36,overcast clouds
349,Santarem,BR,-2.4431,-54.7083,80.73,89,75,10.36,thunderstorm
350,Budingen,DE,50.3,9.1167,39.85,72,88,13.06,overcast clouds
351,La Ronge,CA,55.1001,-105.2842,-9.15,64,40,6.91,scattered clouds
352,Igarka,RU,67.4667,86.5833,-6.7,99,97,5.28,overcast clouds
353,Samarai,PG,-10.6167,150.6667,79.95,82,100,8.81,overcast clouds
354,Bintulu,MY,3.1667,113.0333,77.41,94,20,3.44,light rain
355,Oum Hadjer,TD,13.2954,19.6966,73.2,15,0,11.18,clear sky
356,Alofi,NU,-19.0595,-169.9187,78.69,94,100,4.61,overcast clouds
357,Berbera,SO,10.4396,45.0143,76.46,59,95,2.01,overcast clouds
358,Nizhnevartovsk,RU,60.9344,76.5531,15.82,92,100,8.95,overcast clouds
359,Joshimath,IN,30.5667,79.5667,34.99,38,1,7.38,clear sky
360,Sola,VU,-13.8833,167.55,82.67,77,100,19.73,overcast clouds
361,Lagoa,PT,39.05,-27.9833,59.0,76,49,18.14,scattered clouds
362,Lake Charles,US,30.2131,-93.2044,48.97,40,0,8.05,clear sky
363,Polis,CY,35.0367,32.4264,51.62,87,0,5.12,clear sky
364,Paita,PE,-5.0892,-81.1144,84.76,64,6,16.13,clear sky
365,Chenzhou,CN,25.8,113.0333,42.62,93,100,2.42,overcast clouds
366,Husavik,IS,66.0449,-17.3389,17.51,96,100,27.11,snow
367,Berlevag,NO,70.8578,29.0864,23.77,84,99,26.44,overcast clouds
368,Santo Antonio Do Ica,BR,-3.1022,-67.9397,74.39,96,100,2.06,overcast clouds
369,Kuliyapitiya,LK,7.4688,80.0401,71.73,84,18,5.68,few clouds
370,Ancud,CL,-41.8697,-73.8203,74.23,59,16,7.16,few clouds
371,Umm Lajj,SA,25.0213,37.2685,65.34,60,0,12.75,clear sky
372,Acapulco,MX,16.8634,-99.8901,84.02,65,0,10.36,clear sky
373,Izhma,RU,65.0083,53.9113,-9.36,100,58,3.24,broken clouds
374,Waingapu,ID,-9.6567,120.2641,78.6,88,100,7.11,overcast clouds
375,The Valley,AI,18.217,-63.0578,80.46,83,75,13.8,broken clouds
376,Redmond,US,47.674,-122.1215,48.99,84,100,1.01,overcast clouds
377,Neu-Ulm,DE,48.3928,10.0111,38.73,82,71,8.66,broken clouds
378,Viedma,AR,-40.8135,-62.9967,63.45,48,99,15.37,overcast clouds
379,Matamoros,MX,25.5333,-103.25,50.11,48,0,5.75,clear sky
380,Tilichiki,RU,60.4667,166.1,-1.21,84,27,7.43,scattered clouds
381,Umea,SE,63.8284,20.2597,12.13,100,6,3.44,fog
382,San Ignacio,BZ,17.1561,-89.0714,71.74,94,100,9.22,overcast clouds
383,Kisangani,CD,0.5167,25.2,71.92,86,100,4.18,overcast clouds
384,Pedasi,PA,7.5333,-80.0333,82.42,66,100,13.65,overcast clouds
385,Usak,TR,38.5,29.4167,34.25,52,0,2.35,clear sky
386,Majene,ID,-3.5403,118.9707,77.41,89,93,6.11,light rain
387,Bud,US,39.447,-86.1758,22.84,66,6,1.95,clear sky
388,Nabire,ID,-3.3667,135.4833,75.15,93,98,3.04,overcast clouds
389,San Quintin,MX,30.4833,-115.95,63.14,24,0,5.44,clear sky
390,Gamboma,CG,-1.8764,15.8644,79.74,62,87,3.22,light rain
391,Kinablangan,PH,7.6947,126.5503,77.16,85,32,6.35,scattered clouds
392,Vineland,US,39.4862,-75.0257,32.29,51,20,16.11,few clouds
393,Aleksandrovsk-Sakhalinskiy,RU,50.8975,142.1561,6.96,96,100,11.03,light snow
394,Maningrida,AU,-12.0667,134.2667,75.69,85,89,4.76,overcast clouds
395,Broken Hill,AU,-31.95,141.4333,67.53,42,1,10.8,clear sky
396,Borovoy,RU,55.4333,86.0833,11.48,72,0,4.47,clear sky
397,Vao,NC,-22.6667,167.4833,79.84,86,85,8.5,overcast clouds
398,Port Moresby,PG,-9.4431,147.1797,74.62,94,40,11.5,scattered clouds
399,Tautira,PF,-17.7333,-149.15,82.42,72,35,18.52,scattered clouds
400,Banjar,ID,-8.19,114.9675,82.26,89,92,2.89,overcast clouds
401,San Buenaventura,MX,27.0833,-101.5333,48.47,57,0,6.91,clear sky
402,Buala,SB,-8.145,159.5921,80.74,83,91,7.14,overcast clouds
403,Bodaybo,RU,57.8506,114.1933,-7.17,97,99,2.3,overcast clouds
404,Sistranda,NO,63.7256,8.834,34.9,60,100,22.08,light snow
405,Vestmannaeyjar,IS,63.4427,-20.2734,30.31,58,84,6.44,broken clouds
406,Rio Bueno,CL,-40.3167,-72.9667,75.34,27,0,7.09,clear sky
407,Wanning,CN,18.8003,110.3967,65.91,83,97,8.75,overcast clouds
408,Aklavik,CA,68.2191,-135.0107,-31.97,66,40,3.44,scattered clouds
409,Antalaha,MG,-14.9003,50.2788,77.9,78,100,5.41,light rain
410,Keffi,NG,8.8486,7.8736,82.78,14,0,4.43,clear sky
411,Meulaboh,ID,4.1363,96.1285,75.4,88,99,7.78,overcast clouds
412,Hervey Bay,AU,-25.2986,152.8535,66.04,61,63,19.37,light rain
413,Sabang,ID,5.8933,95.3214,81.23,75,100,12.28,overcast clouds
414,Goderich,CA,43.7501,-81.7165,21.9,67,93,8.05,overcast clouds
415,Doha,QA,25.2867,51.5333,64.38,50,0,12.66,clear sky
416,Leshan,CN,29.5623,103.7639,44.17,90,100,6.46,overcast clouds
417,Pontian Kecil,MY,1.4801,103.3899,79.12,93,100,8.75,overcast clouds
418,Poum,NC,-20.2333,164.0167,80.78,72,100,3.04,overcast clouds
419,Rivadavia,AR,-33.1905,-68.4608,64.87,53,100,13.89,overcast clouds
420,Kasongo-Lunda,CD,-6.4667,16.8167,70.61,95,57,1.59,moderate rain
421,Belaya Gora,RU,68.5333,146.4167,-40.32,100,100,0.56,overcast clouds
422,Kaabong,UG,3.4836,34.1492,70.39,45,94,3.06,overcast clouds
423,Krasnozerskoye,RU,53.9828,79.2374,7.02,90,75,8.16,broken clouds
424,Barra Do Garcas,BR,-15.89,-52.2567,91.98,62,40,4.72,scattered clouds
425,Namtsy,RU,62.7161,129.6658,-27.29,100,100,1.86,overcast clouds
426,King City,US,36.2127,-121.126,59.88,36,100,0.36,overcast clouds
427,Helong,CN,42.5397,128.9972,3.97,76,28,8.32,scattered clouds
428,Algarrobo,CO,10.1869,-74.5753,98.94,23,12,2.24,few clouds
429,Noumea,NC,-22.2763,166.4572,76.98,89,24,7.47,light rain
430,Caceres,ES,39.522,-6.3748,51.8,68,0,6.4,clear sky
431,Sofiyivka,UA,48.0493,33.8746,28.33,70,100,6.4,overcast clouds
432,Price,US,39.5994,-110.8107,40.41,40,0,3.44,clear sky
433,Lakhipur,IN,26.0299,90.3041,54.03,85,0,2.33,clear sky
434,Pulsano,IT,40.3821,17.3564,55.81,73,0,3.44,clear sky
435,Remanso,BR,-9.6179,-42.0831,88.95,42,42,9.17,scattered clouds
436,Karratha,AU,-20.7377,116.8463,84.33,71,100,6.78,overcast clouds
437,Sitges,ES,41.2351,1.8119,55.0,74,100,3.24,overcast clouds
438,Samoylovka,RU,51.184,43.7081,8.4,98,79,7.45,broken clouds
439,Pembroke,CA,45.8168,-77.1162,13.66,54,50,8.19,scattered clouds
440,Joao Pinheiro,BR,-17.7425,-46.1725,78.85,70,100,4.99,overcast clouds
441,Buraydah,SA,26.326,43.975,50.45,31,0,8.21,clear sky
442,Port Macquarie,AU,-31.4333,152.9167,62.56,73,86,14.47,overcast clouds
443,Medina Del Campo,ES,41.3124,-4.9141,43.54,62,0,9.86,clear sky
444,Petatlan,MX,17.5167,-101.2667,87.6,45,0,7.49,clear sky
445,Erice,IT,38.037,12.5865,48.56,88,40,8.05,scattered clouds
446,Jalu,LY,29.0331,21.5482,57.29,47,0,2.82,clear sky
447,Zhuhai,CN,22.2769,113.5678,60.06,77,40,12.66,scattered clouds
448,Kosikha,RU,53.3617,84.5822,14.77,96,93,4.61,overcast clouds
449,Rupert,US,42.6191,-113.6772,32.29,64,0,8.05,clear sky
450,Kloulklubed,PW,7.0419,134.2556,81.66,80,96,23.09,overcast clouds
451,Ambulu,ID,-8.345,113.6058,75.79,90,81,2.08,broken clouds
452,Pleasant Point,NZ,-44.2667,171.1333,53.28,97,100,1.5,overcast clouds
453,Namibe,AO,-15.1961,12.1522,74.03,69,100,11.56,overcast clouds
454,Kolokani,ML,13.5728,-8.0339,78.42,8,0,7.74,clear sky
455,Laguna,US,38.421,-121.4238,64.24,59,0,1.01,clear sky
456,Longyearbyen,SJ,78.2186,15.6401,10.24,61,20,20.71,few clouds
457,Verkhoyansk,RU,67.5447,133.385,-45.4,100,71,1.77,broken clouds
458,Canton,CN,23.1167,113.25,55.0,64,100,7.18,overcast clouds
459,Okhotsk,RU,59.3833,143.3,-8.39,70,0,12.3,clear sky
460,Toucheng,TW,24.8592,121.8233,59.45,88,100,10.09,overcast clouds
461,Priargunsk,RU,50.3691,119.1012,-10.43,94,100,4.52,overcast clouds
462,Balikpapan,ID,-1.2675,116.8289,77.99,100,20,4.61,few clouds
463,Miyazu,JP,35.5333,135.1833,31.46,83,100,9.35,snow
464,Outram,MY,1.2829,103.8379,78.93,85,75,11.5,light intensity shower rain
465,Ostrovnoy,RU,68.0531,39.5131,16.25,82,100,31.25,overcast clouds
466,Kanye,BW,-24.9667,25.3327,69.3,60,73,6.29,broken clouds
467,Khandyga,RU,62.6667,135.6,-44.19,100,88,2.21,overcast clouds
468,General Pico,AR,-35.6566,-63.7568,73.33,36,99,14.81,overcast clouds
469,Omagh,GB,54.6,-7.3,42.06,93,100,16.67,light rain
470,La Baule-Escoublac,FR,47.2922,-2.364,49.87,90,0,8.05,clear sky
471,Saquarema,BR,-22.92,-42.5103,87.82,81,49,11.39,scattered clouds
472,Vardo,NO,70.3705,31.1107,26.62,78,100,26.44,overcast clouds
473,Kyzyl-Suu,KG,42.3414,78.0056,11.89,57,0,14.61,clear sky
474,Mtambile,TZ,-5.3833,39.7,79.52,77,100,7.65,overcast clouds
475,Stornoway,GB,58.2093,-6.3865,35.56,82,40,5.01,snow
476,Atar,MR,20.5169,-13.0499,80.92,8,0,7.63,clear sky
477,Ishinomaki,JP,38.4167,141.3,28.54,66,34,16.28,scattered clouds
478,Mahanoro,MG,-19.9,48.8,80.67,68,100,21.61,overcast clouds
479,Mehamn,NO,71.0357,27.8492,22.48,83,5,22.17,clear sky
480,Taicheng,CN,38.731,113.228,21.34,31,12,3.69,few clouds
481,Lachi,PK,33.3833,71.3386,52.34,44,92,3.0,overcast clouds
482,Dwarka,IN,22.2394,68.9678,70.11,61,0,6.29,clear sky
483,Homer,US,59.6425,-151.5483,37.29,90,0,4.61,clear sky
484,Shakawe,BW,-18.3667,21.85,70.48,82,93,3.67,light rain
485,Tessalit,ML,20.1986,1.0114,68.68,11,0,8.61,clear sky
486,Nanzhou,CN,29.3596,112.4024,41.2,73,100,9.64,moderate rain
487,Ranong,TH,9.9658,98.6348,75.6,89,34,5.44,scattered clouds
488,Jinxiang,CN,27.4327,120.6062,45.68,69,100,15.52,overcast clouds
489,Eureka,US,40.8021,-124.1637,59.2,75,0,3.0,clear sky
490,Hailey,US,43.5196,-114.3153,24.66,68,0,4.61,clear sky
491,Kalmunai,LK,7.4167,81.8167,75.16,78,68,6.69,broken clouds
492,Koungou,YT,-12.7336,45.2042,83.91,79,75,11.5,broken clouds
493,Aksu,CN,41.1231,80.2644,24.44,54,100,2.91,overcast clouds
494,Yatou,CN,37.15,122.3833,29.03,53,99,13.2,overcast clouds
495,Sidrolandia,BR,-20.9319,-54.9614,88.59,50,100,10.04,overcast clouds
496,Mapastepec,MX,15.4333,-92.9,91.69,34,2,12.01,clear sky
497,Son La,VN,21.3167,103.9,51.3,98,100,3.38,overcast clouds
498,Broome,US,42.2506,-75.833,19.47,66,0,4.0,clear sky
499,Male,MV,4.1748,73.5089,82.35,78,75,4.61,broken clouds
500,Santa Cruz De Tenerife,ES,28.4682,-16.2546,68.88,45,0,4.0,clear sky
501,Kamina,CD,-8.7386,24.9906,63.32,95,50,2.21,light rain
502,Ust-Koksa,RU,50.2696,85.6108,-3.69,80,52,1.3,broken clouds
503,Xinxiang,CN,35.3089,113.8672,31.57,41,100,0.81,overcast clouds
504,Truro,GB,50.2653,-5.0544,51.57,87,75,24.16,broken clouds
505,Kasangulu,CD,-4.5911,15.1708,85.08,92,13,3.27,few clouds
506,Ust-Omchug,RU,61.15,149.6333,-25.13,85,75,4.07,broken clouds
507,Warren,US,39.4334,-84.1666,26.92,69,0,0.0,clear sky
508,Jiangyou,CN,31.7667,104.7167,39.9,97,100,3.51,light rain
509,Ketchikan,US,55.3422,-131.6461,44.58,87,100,11.5,light rain
510,Havoysund,NO,70.9963,24.6622,29.28,70,9,32.23,clear sky
511,Benghazi,LY,32.1167,20.0667,59.31,67,1,12.41,clear sky
512,Gelemso,ET,8.8167,40.5167,63.12,17,12,4.92,few clouds
513,Olafsvik,IS,64.8945,-23.7142,30.29,73,100,20.13,light snow
514,La Union,PE,-5.4,-80.75,89.87,37,8,14.47,clear sky
515,Empalme,MX,27.9667,-110.8167,77.34,29,0,10.36,clear sky
516,Tura,IN,25.5198,90.2201,49.86,91,1,1.72,clear sky
517,Kruisfontein,ZA,-34.0033,24.7314,67.89,83,45,19.66,scattered clouds
518,Ponta Delgada,PT,37.7333,-25.6667,63.5,82,20,13.8,few clouds
519,Palauig,PH,15.435,119.9045,76.87,72,72,5.75,broken clouds
520,Marawi,PH,7.9986,124.2928,66.65,91,18,1.97,few clouds
521,Mareeba,AU,-17.0,145.4333,70.52,95,99,1.88,overcast clouds
522,Mayor Pablo Lagerenza,PY,-19.9309,-60.7718,79.65,78,99,10.67,light rain
523,Necochea,AR,-38.5473,-58.7368,64.04,72,100,23.11,overcast clouds
524,Soyo,AO,-6.1349,12.3689,78.21,84,94,9.4,light rain
525,Lieksa,FI,63.3167,30.0167,20.07,93,100,12.95,light snow
526,Concordia,AR,-31.393,-58.0209,88.81,27,0,16.2,clear sky
527,Agua Branca,BR,-5.8922,-42.6361,88.63,52,15,3.58,few clouds
528,Amahai,ID,-3.3333,128.9167,77.77,84,100,6.2,overcast clouds
529,Guiglo,CI,6.5456,-7.4966,88.52,33,82,2.98,broken clouds
530,Arcata,US,40.8665,-124.0828,58.19,78,0,4.61,clear sky
531,Roscommon,IE,53.6333,-8.1833,44.94,90,100,20.92,overcast clouds
532,Tete,MZ,-16.1564,33.5867,72.66,97,75,1.99,light rain
533,Plettenberg Bay,ZA,-34.0527,23.3716,69.06,83,6,13.78,clear sky
534,Zyryanka,RU,65.75,150.85,-40.88,100,52,3.47,broken clouds
535,Ternovskaya,RU,45.8542,40.4086,26.71,91,10,4.72,clear sky
536,Phangnga,TH,8.4509,98.5298,80.64,87,90,3.96,overcast clouds
537,Kadoma,JP,34.7333,135.5833,39.18,62,8,12.82,clear sky
538,Bodden Town,KY,19.2833,-81.25,84.2,64,20,7.0,few clouds
539,Ongandjera,NA,-17.8833,15.0667,76.33,37,100,1.32,overcast clouds
540,Urumqi,CN,43.801,87.6005,-1.25,85,93,2.24,mist
541,Presidencia Roque Saenz Pena,AR,-26.7852,-60.4388,94.33,24,0,11.16,clear sky
542,Malpe,IN,13.35,74.7167,74.5,86,78,5.68,broken clouds
543,Manzhouli,CN,49.6,117.4333,-5.73,94,75,7.72,broken clouds
544,Kaihua,CN,23.3687,104.28,47.46,96,100,7.05,overcast clouds
545,Chum Phae,TH,16.5443,102.0992,67.96,62,60,2.89,broken clouds
546,Bonavista,CA,48.6499,-53.1147,39.11,99,100,6.78,snow
547,Seljord,NO,59.4894,8.634,38.61,99,100,5.79,light rain
548,Boden,SE,65.8252,21.6886,24.8,94,35,6.62,scattered clouds
549,Umtata,ZA,-31.5889,28.7844,61.05,98,100,5.7,light rain
550,Veraval,IN,20.9,70.3667,66.65,69,0,6.71,clear sky
551,Hope Mills,US,34.9704,-78.9453,48.52,35,0,5.01,clear sky
552,Diamond Bar,US,34.0286,-117.8103,71.06,17,0,1.01,clear sky
553,Floro,NO,61.5996,5.0328,40.96,87,40,21.85,light rain
554,Colac,AU,-38.3333,143.5833,61.16,80,78,9.84,broken clouds
555,Marquette,US,46.5333,-87.6335,15.33,54,100,10.92,light snow
556,Yinchuan,CN,38.4681,106.2731,19.56,29,100,7.78,overcast clouds
557,Tiarei,PF,-17.5333,-149.3333,82.42,72,9,20.29,clear sky
558,Rochefort,FR,45.9167,-1.0,44.85,92,2,5.91,clear sky
559,Ypsonas,CY,34.6884,32.9574,56.28,62,0,6.91,clear sky
560,Sonoita,MX,31.85,-112.8333,60.53,12,6,4.92,clear sky
561,El Dorado,US,38.7666,-120.5177,58.57,41,100,1.99,overcast clouds
562,Acarau,BR,-2.8856,-40.12,82.92,71,27,15.46,scattered clouds
563,Kenai,US,60.5544,-151.2583,27.09,93,100,9.22,overcast clouds
564,Ada,US,43.4166,-116.1262,36.46,73,0,8.99,clear sky
565,Northam,GB,51.0333,-4.2167,51.03,88,100,30.06,overcast clouds
566,Hohhot,CN,40.8106,111.6522,-0.11,65,0,6.71,clear sky
567,Catia La Mar,VE,10.6038,-67.0303,89.8,62,40,4.61,scattered clouds
568,Trofarello,IT,44.9837,7.7452,52.38,64,0,0.0,clear sky
569,Ixtapa,MX,20.7,-105.2,76.23,65,75,2.3,broken clouds
570,Shieli,KZ,44.1667,66.75,35.19,63,100,5.39,overcast clouds
571,Smoky Lake,CA,54.1169,-112.4686,31.48,93,100,10.67,overcast clouds
572,Ust-Ilimsk,RU,58.0006,102.6619,20.79,94,100,9.42,light snow
573,Port Hardy,CA,50.6996,-127.4199,44.76,87,75,4.61,broken clouds
574,Dryden,CA,49.7833,-92.7503,7.09,72,100,14.97,overcast clouds
575,Sao Felix Do Xingu,BR,-6.6447,-51.995,86.58,63,100,2.21,moderate rain
576,Tayshet,RU,55.9342,98.0044,24.4,68,100,13.98,overcast clouds
577,Moba,CN,33.2288,105.0179,25.39,96,100,4.16,light snow
578,Tubinskiy,RU,52.8892,58.2225,8.74,99,100,5.26,overcast clouds
579,Palmeira,BR,-25.4294,-50.0064,74.62,90,96,6.69,moderate rain
580,Moron,AR,-34.6534,-58.6198,73.0,61,55,12.88,broken clouds
581,Mercedes,AR,-34.6515,-59.4307,72.84,62,64,18.95,broken clouds
582,Namuac,PH,18.6109,121.1657,72.81,85,100,18.32,overcast clouds
583,Kahului,US,20.8947,-156.47,78.06,75,20,6.91,few clouds
584,Dingle,PH,10.9995,122.6711,74.71,83,88,11.16,overcast clouds
585,Kudymkar,RU,59.0173,54.656,15.17,98,98,5.19,overcast clouds
586,Tortoli,IT,39.9256,9.6572,53.42,87,0,2.3,clear sky
587,Rodrigues Alves,BR,-7.738,-72.6509,86.2,53,45,6.06,scattered clouds
588,Geraldton,AU,-28.7667,114.6,73.81,94,100,3.44,overcast clouds
589,Marshfield,US,44.6689,-90.1718,13.44,62,75,14.97,broken clouds
590,Xining,CN,36.6167,101.7667,12.29,90,100,4.23,light snow
591,Ornskoldsvik,SE,63.2909,18.7153,12.02,100,79,3.44,broken clouds
592,Nacala,MZ,-14.5428,40.6728,77.14,85,99,6.4,overcast clouds
593,Hay River,CA,60.8156,-115.7999,-2.22,60,75,1.14,broken clouds
594,Setermoen,NO,68.861,18.3486,30.16,88,93,10.02,overcast clouds
595,Vedi,AM,39.9142,44.7222,31.95,53,0,6.98,clear sky
596,Luziania,BR,-16.2525,-47.9503,80.29,76,100,4.59,overcast clouds
597,Vinh,VN,18.6667,105.6667,59.45,80,100,4.81,overcast clouds
598,Moussoro,TD,13.6408,16.4901,68.43,13,0,13.06,clear sky
599,Luganville,VU,-15.5333,167.1667,78.75,86,93,5.3,overcast clouds
600,Santa Branca,BR,-23.3967,-45.8839,87.06,54,20,6.91,few clouds
601,Mersing,MY,2.4312,103.8405,80.51,83,100,13.8,overcast clouds
602,Saint-Francois,FR,46.4154,3.9054,36.68,91,0,2.3,clear sky
603,Saint-Jean-De-Maurienne,FR,45.1667,6.5833,25.7,92,77,3.33,broken clouds
604,Bay Roberts,CA,47.5999,-53.2648,50.5,95,100,11.99,moderate rain
605,Anadyr,RU,64.75,177.4833,-1.7,84,0,2.24,clear sky
606,Grindavik,IS,63.8424,-22.4338,24.75,86,20,5.75,few clouds
607,Moree,AU,-29.4667,149.85,57.22,77,5,9.22,clear sky
608,Kipushi,CD,-11.7667,27.2333,62.11,96,100,4.52,overcast clouds
609,Mount Isa,AU,-20.7333,139.5,73.17,43,0,5.75,clear sky
610,Kaifeng,CN,34.7911,114.3483,27.46,34,100,3.36,overcast clouds
611,Abu Dhabi,AE,24.4667,54.3667,71.62,81,20,10.36,few clouds
612,Opuwo,NA,-18.0607,13.84,74.37,41,96,9.6,overcast clouds
613,Talaya,RU,61.3833,152.75,-38.42,98,36,2.66,scattered clouds
614,Malakal,SS,9.5334,31.6605,77.18,15,82,9.37,broken clouds
615,Santa Marta De Tormes,ES,40.9506,-5.6272,45.45,59,0,1.99,clear sky
616,Sitka,US,57.0531,-135.33,44.49,70,100,13.8,light rain
617,Zhigansk,RU,66.7697,123.3711,-30.14,100,100,5.79,overcast clouds
618,Tabuk,PH,17.4189,121.4443,68.72,90,98,4.27,overcast clouds
619,Celestun,MX,20.8667,-90.4,74.1,74,83,19.66,broken clouds
620,Pansemal,IN,21.65,74.7,67.19,22,0,4.43,clear sky
621,Lata,PT,40.1629,-8.3327,52.05,78,0,4.29,clear sky
622,Sisimiut,GL,66.9395,-53.6735,2.17,91,100,9.44,light snow
623,Tutoia,BR,-2.7619,-42.2744,84.18,75,100,11.48,overcast clouds
624,College,US,64.8569,-147.8028,3.58,79,75,0.0,broken clouds
625,Pasni,PK,25.2631,63.471,71.87,79,0,10.07,clear sky
626,Wajima,JP,37.4,136.9,33.37,66,100,21.72,light snow
627,Ous,RU,60.9058,61.5186,16.27,96,100,5.48,overcast clouds
628,Maltahohe,NA,-24.8333,16.9833,83.98,27,84,12.84,broken clouds
629,Marsaxlokk,MT,35.8419,14.5431,57.07,94,20,6.91,few clouds
630,Oistins,BB,13.0667,-59.5333,82.49,57,20,14.97,few clouds
631,Saint Anthony,US,45.0205,-93.218,18.03,59,40,7.0,scattered clouds
632,Cabot,US,34.9745,-92.0165,43.77,47,0,6.91,clear sky
633,Czersk,PL,53.7959,17.9765,38.55,79,100,13.71,overcast clouds
634,Pedro Juan Caballero,PY,-22.5472,-55.7333,75.16,73,75,5.75,broken clouds
635,San Borja,BO,-14.8167,-66.85,87.37,63,67,8.28,broken clouds
636,Asau,RO,46.4333,26.4,36.95,84,98,1.7,overcast clouds
637,Ashqelon,IL,31.6693,34.5715,54.41,61,94,9.64,overcast clouds
638,Omsukchan,RU,62.5333,155.8,-23.66,77,3,3.62,clear sky
639,Roebourne,AU,-20.7833,117.1333,84.09,73,100,5.59,overcast clouds
640,Placer,US,39.0666,-120.7677,55.56,39,100,0.63,overcast clouds
641,Fougamou,GA,-1.2154,10.5838,75.43,93,18,2.44,light rain
642,Lokoja,NG,7.8024,6.743,85.3,14,0,3.6,clear sky
643,Baykit,RU,61.67,96.37,13.33,97,98,5.3,overcast clouds
644,Mackay,AU,-21.15,149.2,74.68,83,38,9.22,scattered clouds
645,Turukhansk,RU,65.8167,87.9833,-13.07,100,66,2.68,broken clouds
646,Sakaraha,MG,-22.9,44.5333,76.03,70,100,11.68,overcast clouds
647,Puerto Ayacucho,VE,5.6639,-67.6236,94.78,31,49,4.5,scattered clouds
648,Uray,RU,60.1247,64.7758,20.12,97,100,5.7,light snow
649,Hambantota,LK,6.1241,81.1185,74.71,83,14,14.38,few clouds
650,Hobyo,SO,5.3505,48.5268,76.23,70,5,10.47,clear sky
651,Haines Junction,CA,60.7522,-137.5108,22.95,74,100,5.75,overcast clouds
652,Saint-Denis,FR,48.9167,2.3333,46.11,77,0,5.99,clear sky
653,Maceio,BR,-9.6658,-35.7353,85.44,58,0,16.11,clear sky
654,Sur,OM,22.5667,59.5289,72.73,52,0,6.67,clear sky
655,Gorey,IE,52.6747,-6.2925,49.71,84,100,28.14,overcast clouds
656,Nizwa,OM,22.9333,57.5333,70.34,28,0,1.41,clear sky
657,Damghan,IR,36.1683,54.348,39.38,59,100,9.98,overcast clouds
658,Iratosu,RO,46.3167,21.2,40.86,70,0,8.05,clear sky
659,Taltal,CL,-25.4,-70.4833,71.53,65,24,5.17,few clouds
660,San Jeronimo,PE,-11.9472,-75.2829,60.22,62,98,6.11,light rain
661,Bajil,YE,15.0584,43.2851,76.68,74,18,15.84,few clouds
662,Batagay-Alyta,RU,67.8006,130.4114,-25.98,99,94,3.78,overcast clouds
663,Waddan,LY,29.1614,16.139,58.62,21,0,3.51,clear sky
664,El Alto,PE,-4.2714,-81.2147,82.06,67,28,11.92,scattered clouds
665,Lae,PG,-6.7221,146.9847,74.07,82,100,10.4,overcast clouds
666,Mahajanga,MG,-15.7167,46.3167,84.22,70,40,11.5,scattered clouds
667,Saint-Joseph,RE,-21.3667,55.6167,80.98,83,100,17.9,light rain
668,Walvis Bay,NA,-22.9575,14.5053,70.75,78,33,8.05,light rain
669,Petropavlovka,RU,50.6114,105.3196,4.84,90,100,4.0,overcast clouds
670,Kudahuvadhoo,MV,2.6708,72.8944,81.63,70,24,9.44,few clouds
671,Skerries,IE,53.5828,-6.1083,49.17,87,100,26.24,moderate rain
672,Copiapo,CL,-27.3667,-70.3333,69.49,24,0,13.24,clear sky
673,Bumba,CD,2.1833,22.4667,77.79,40,12,0.81,few clouds
674,Taizhou,CN,32.4933,119.9106,31.89,43,68,5.32,broken clouds
675,Grand Gaube,MU,-20.0064,57.6608,80.38,80,100,8.99,overcast clouds
676,Ginir,ET,7.1333,40.7,61.02,20,97,3.6,overcast clouds
677,Petropavlovsk-Kamchatskiy,RU,53.0452,158.6483,16.39,62,0,8.95,clear sky
678,Tommot,RU,58.9564,126.2925,-11.38,100,100,2.73,overcast clouds
679,Kurunegala,LK,7.4863,80.3623,73.92,95,61,3.51,broken clouds
680,Kontagora,NG,10.3999,5.4695,81.12,15,0,4.65,clear sky
681,Yorosso,ML,12.3536,-4.7761,79.23,9,3,7.25,clear sky
682,Hirara,JP,24.8,125.2833,62.19,68,100,18.81,overcast clouds
683,Alghero,IT,40.5589,8.3181,55.49,67,75,4.61,broken clouds
684,Comodoro Rivadavia,AR,-45.8667,-67.5,73.26,43,0,19.57,clear sky
685,Palora,EC,-1.7,-77.9333,80.58,78,74,3.44,moderate rain
686,Psebay,RU,44.1234,40.8107,15.17,82,5,6.24,clear sky
687,Tygda,RU,53.1167,126.3333,-0.38,86,100,5.21,overcast clouds
688,Orcopampa,PE,-15.2661,-72.3417,57.67,54,94,10.87,overcast clouds
689,Durban,ZA,-29.8579,31.0292,74.01,88,100,1.01,overcast clouds
690,Novoagansk,RU,61.9449,76.6625,3.22,96,100,2.3,overcast clouds
691,Lewisporte,CA,49.2499,-55.0482,26.31,96,100,10.87,snow
692,Tarbagatay,RU,51.4803,107.3602,-4.47,95,100,4.29,overcast clouds
693,Luanda,AO,-8.8368,13.2343,78.8,73,20,8.05,few clouds
694,Rabo De Peixe,PT,37.8,-25.5833,61.29,81,20,13.8,few clouds
695,La Asuncion,VE,11.0333,-63.8628,73.13,88,4,12.66,clear sky
696,Culaba,PH,11.6578,124.5425,76.82,80,83,11.83,broken clouds
697,Kindu,CD,-2.95,25.95,69.93,93,83,3.09,light rain
698,Salamiyah,SY,35.0113,37.0532,44.29,81,6,7.81,clear sky
699,Iberia,US,29.9502,-91.7507,49.05,40,0,11.5,clear sky
700,Riviere-Du-Loup,CA,47.8304,-69.5342,10.67,52,71,6.91,broken clouds
701,Galveston,US,29.3669,-94.9669,51.22,43,0,5.99,clear sky
702,Orizaba,MX,18.85,-97.1,55.15,87,100,4.54,overcast clouds
703,Misratah,LY,32.3754,15.0925,62.04,57,64,6.35,broken clouds
704,Puerto Escondido,MX,15.85,-97.0667,84.85,48,0,9.01,clear sky
705,Gorodovikovsk,RU,46.0878,41.9335,26.6,88,48,8.88,scattered clouds
706,Show Low,US,34.2542,-110.0298,47.08,29,0,6.91,clear sky
707,Avera,US,33.194,-82.5271,52.48,41,6,7.78,clear sky
708,Thio,NC,-21.6167,166.2167,76.96,88,91,3.78,overcast clouds
709,Karpathos,GR,35.507,27.2132,58.96,72,97,12.66,overcast clouds
710,Alamogordo,US,32.8995,-105.9603,45.07,53,0,4.61,clear sky
711,Mecca,SA,21.4267,39.8261,63.43,42,0,10.8,clear sky
712,Gurlan,UZ,41.8447,60.3919,42.87,86,100,11.77,overcast clouds
713,Whitianga,NZ,-36.8333,175.7,72.01,94,93,8.1,overcast clouds
714,Saint-Louis,SN,16.3333,-15.0,89.24,7,0,9.26,clear sky
715,Kashi,CN,39.4547,75.9797,24.01,68,100,6.71,overcast clouds
716,Tual,ID,-5.6667,132.75,82.99,76,100,9.91,overcast clouds
717,Monte Azul,BR,-15.155,-42.8747,76.48,82,100,4.83,light rain
718,Arkhangelsk,RU,64.5401,40.5433,3.31,85,0,8.95,clear sky
719,Burnie,AU,-41.0667,145.9167,58.95,95,92,10.67,overcast clouds
720,Nampula,MZ,-15.1165,39.2666,78.75,73,20,8.05,few clouds
